identifier,file,题
EB_00024s2011.jpg,images/00024s2011.jpg,They
EB_00026s2011.jpg,images/00026s2011.jpg,光芒
EB_00027s2011.jpg,images/00027s2011.jpg,神话
EB_00028s2011.jpg,images/00028s2011.jpg,老栗夜宴图(局部)
EB_00032s2011.jpg,images/00032s2011.jpg,请 Mr. Hong 进入
EB_00033s2011.jpg,images/00033s2011.jpg,芬·马六明在长城行走
EB_00044s2011.jpg,images/00044s2011.jpg,拿起战笔，战斗到底
EB_00048s2011.jpg,images/00048s2011.jpg,论坛
EB_00049s2011.jpg,images/00049s2011.jpg,过去
EB_00050s2011.jpg,images/00050s2011.jpg,现在
EB_00051s2011.jpg,images/00051s2011.jpg,将来
EB_00052s2011.jpg,images/00052s2011.jpg,"一百个中国人 (No 4, No 8, No 38, No 40, No 43, No 47, No 51, No 54, No 60)"
EB_00060s2011.jpg,images/00060s2011.jpg,吃喝玩乐·丰衣足食
EB_00079s2011.jpg,images/00079s2011.jpg,美丽的生活充满阳光
EB_00094s2011.jpg,images/00094s2011.jpg,No.1
EB_00103s2011.jpg,images/00103s2011.jpg,1986，20岁在中央美院画室
